{"cameraMode":{"drawMode":0,"name":"Shaded","section":"Shading Mode"},"sceneLighting":true,"audioPlay":false,"sceneViewState":{"m_AlwaysRefresh":false,"showFog":true,"showSkybox":true,"showFlares":true,"showImageEffects":true,"showParticleSystems":true,"showVisualEffectGraphs":true,"m_FxEnabled":true},"in2DMode":false,"pivot":{"x":5.766777038574219,"y":5.036118507385254,"z":3.9264235496520998},"rotation":{"x":0.07211358845233917,"y":0.5759198069572449,"z":-0.05110246688127518,"w":0.8127135634422302},"size":1.8924307823181153,"orthographic":false}