{"cameraMode":{"drawMode":0,"name":"Shaded","section":"Shading Mode"},"sceneLighting":true,"audioPlay":false,"sceneViewState":{"m_AlwaysRefresh":false,"showFog":true,"showSkybox":true,"showFlares":true,"showImageEffects":true,"showParticleSystems":true,"showVisualEffectGraphs":true,"m_FxEnabled":true},"in2DMode":false,"pivot":{"x":50.81583786010742,"y":1.6583068370819092,"z":-2.8960824012756349},"rotation":{"x":0.04169711470603943,"y":0.5377092957496643,"z":-0.026638353243470193,"w":0.8416775465011597},"size":36.618934631347659,"orthographic":false}